{
  "total_requests": 120,
  "successful_requests": 120,
  "failed_requests": 0,
  "total_time_seconds": 7.611243874998763,
  "requests_per_second": 15.766148341951466,
  "mean_ms": 26.842619425102992,
  "median_ms": 23.770749998220708,
  "min_ms": 12.059832995873876,
  "max_ms": 175.76670899870805,
  "stddev_ms": 17.39770646260211,
  "p50_ms": 23.794000007910654,
  "p90_ms": 28.45895900100004,
  "p95_ms": 54.989791999105364,
  "p99_ms": 89.04945799440611,
  "short_circuit_mean_ms": 12.87961680063745,
  "short_circuit_count": 10,
  "full_pipeline_mean_ms": 28.111983300054405,
  "full_pipeline_count": 110
}